Inicio;Fin;IRI
580600;580620;3,1
580620;580640;6,3
580640;580660;3,4
580660;580680;3,6
580680;580700;2,7
580700;580720;2,7
580720;580740;3,9
580740;580760;6,1
580760;580780;7,0
580780;580800;6,2
580800;580820;6,5
580820;580840;5,0
580840;580860;3,0
580860;580880;3,0
580880;580900;3,5
580900;580920;4,3
580920;580940;4,2
580940;580960;2,9
580960;580980;3,2
580980;581000;2,9
581000;581020;2,2
581020;581040;2,4
581040;581060;3,5
581060;581080;3,5
581080;581100;3,1
581100;581120;2,3
581120;581140;2,2
581140;581160;3,0
581160;581180;2,6
581180;581200;3,2
581200;581220;3,0
581220;581240;3,7
581240;581260;3,6
581260;581280;3,3
581280;581300;3,5
581300;581320;3,1
581320;581340;3,7
581340;581360;3,4
581360;581380;4,4
581380;581400;2,5
581400;581420;4,7
581420;581440;3,3
581440;581460;2,8
581460;581480;3,4
581480;581500;3,0
581500;581520;2,9
581520;581540;2,2
581540;581560;2,5
581560;581580;2,4
581580;581600;2,0
581600;581620;1,9
581620;581640;2,7
581640;581660;2,4
581660;581680;2,6
581680;581700;3,4
581700;581720;2,8
581720;581740;3,7
581740;581760;3,1
581760;581780;3,7
581780;581800;3,5
581800;581820;4,1
581820;581840;2,6
581840;581860;2,4
581860;581880;2,6
581880;581900;2,9
581900;581920;3,3
581920;581940;3,4
581940;581960;2,7
581960;581980;2,3
581980;582000;2,2
582000;582020;2,6
582020;582040;2,3
582040;582060;1,6
582060;582080;2,2
582080;582100;1,6
582100;582120;1,9
582120;582140;2,7
582140;582160;2,8
582160;582180;2,0
582180;582200;1,9
582200;582220;2,1
582220;582240;2,5
582240;582260;2,8
582260;582280;2,7
582280;582300;3,9
582300;582320;3,4
582320;582340;3,3
582340;582360;3,6
582360;582380;2,9
582380;582400;1,8
582400;582420;1,7
582420;582440;1,6
582440;582460;1,8
582460;582480;2,1
582480;582500;2,2
582500;582520;1,6
582520;582540;2,3
582540;582560;2,8
582560;582580;2,7
582580;582600;2,9
582600;582620;3,0
582620;582640;3,3
582640;582660;2,2
582660;582680;3,3
582680;582700;2,6
582700;582720;2,5
582720;582740;2,7
582740;582760;2,6
582760;582780;2,4
582780;582800;2,4
582800;582820;2,8
582820;582840;2,5
582840;582860;3,4
582860;582880;3,4
582880;582900;3,5
582900;582920;2,7
582920;582940;2,8
582940;582960;3,6
582960;582980;3,4
582980;583000;3,0
583000;583020;3,2
583020;583040;3,7
583040;583060;3,3
583060;583080;3,2
583080;583100;2,8
583100;583120;3,5
583120;583140;2,8
583140;583160;2,4
583160;583180;2,3
583180;583200;2,6
583200;583220;2,7
583220;583240;3,5
583240;583260;2,9
583260;583280;3,4
583280;583300;3,5
583300;583320;3,4
583320;583340;3,3
583340;583360;3,5
583360;583380;3,3
583380;583400;3,2
583400;583420;3,2
583420;583440;3,2
583440;583460;2,4
583460;583480;5,3
583480;583500;6,1
583500;583520;8,2
583520;583540;6,8
583540;583560;4,7
583560;583580;6,1
583580;583600;8,3
583600;583620;5,5
583620;583640;4,2
583640;583660;2,9
583660;583680;3,1
583680;583700;4,1
583700;583720;3,9
583720;583740;4,3
583740;583760;3,1
583760;583780;3,1
583780;583800;3,3
583800;583820;3,0
583820;583840;4,0
583840;583860;2,4
583860;583880;1,9
583880;583900;2,2
583900;583920;2,0
583920;583940;2,7
583940;583960;2,1
583960;583980;3,0
583980;584000;3,0
584000;584020;3,4
584020;584040;2,5
584040;584060;2,4
584060;584080;2,2
584080;584100;1,9
584100;584120;2,0
584120;584140;2,7
584140;584160;3,0
584160;584180;3,7
584180;584200;3,4
584200;584220;3,8
584220;584240;3,1
584240;584260;3,3
584260;584280;4,8
584280;584300;6,0
584300;584320;7,7
584320;584340;6,0
584340;584360;9,7
584360;584380;6,8
584380;584400;3,7
584400;584420;2,0
584420;584440;2,5
584440;584460;2,3
584460;584480;2,6
584480;584500;2,7
584500;584520;2,4
584520;584540;2,2
584540;584560;3,0
584560;584580;2,6
584580;584600;2,2
584600;584620;2,9
584620;584640;2,2
584640;584660;1,7
584660;584680;2,0
584680;584700;2,4
584700;584720;2,4
584720;584740;2,1
584740;584760;2,7
584760;584780;3,1
584780;584800;2,2
584800;584820;2,9
584820;584840;2,6
584840;584860;2,6
584860;584880;2,3
584880;584900;2,2
584900;584920;2,5
584920;584940;3,4
584940;584960;4,4
584960;584980;3,3
584980;585000;3,0
585000;585020;3,4
585020;585040;2,7
585040;585060;2,3
585060;585080;2,5
585080;585100;3,2
585100;585120;3,1
585120;585140;3,9
585140;585160;3,4
585160;585180;1,9
585180;585200;1,9
585200;585220;1,6
585220;585240;1,7
585240;585260;1,8
585260;585280;1,8
585280;585300;2,4
585300;585320;2,3
585320;585340;3,2
585340;585360;2,3
585360;585380;2,3
585380;585400;1,8
585400;585420;2,7
585420;585440;1,6
585440;585460;2,1
585460;585480;2,3
585480;585500;3,0
585500;585520;2,6
585520;585540;2,2
585540;585560;1,8
585560;585580;1,7
585580;585600;2,0
585600;585620;1,3
585620;585640;1,7
585640;585660;3,2
585660;585680;3,0
585680;585700;3,6
585700;585720;2,7
585720;585740;2,3
585740;585760;1,6
585760;585780;1,8
585780;585800;1,9
585800;585820;2,2
585820;585840;2,2
585840;585860;1,8
585860;585880;2,1
585880;585900;2,4
585900;585920;2,7
585920;585940;3,3
585940;585960;1,6
585960;585980;2,1
585980;586000;1,9
586000;586020;1,9
586020;586040;2,1
586040;586060;1,9
586060;586080;1,8
586080;586100;2,4
586100;586120;2,9
586120;586140;2,2
586140;586160;2,2
586160;586180;2,8
586180;586200;2,8
586200;586220;2,3
586220;586240;2,2
586240;586260;2,4
586260;586280;2,4
586280;586300;2,0
586300;586320;2,5
586320;586340;2,0
586340;586360;2,4
586360;586380;3,8
586380;586400;3,8
586400;586420;3,2
586420;586440;2,3
586440;586460;2,4
586460;586480;3,0
586480;586500;2,3
586500;586520;1,9
586520;586540;1,7
586540;586560;3,3
586560;586580;3,0
586580;586600;1,9
586600;586620;1,6
586620;586640;1,5
586640;586660;1,7
586660;586680;2,2
586680;586700;2,1
586700;586720;2,5
586720;586740;2,6
586740;586760;2,0
586760;586780;1,9
586780;586800;2,1
586800;586820;2,2
586820;586840;2,0
586840;586860;2,5
586860;586880;2,1
586880;586900;2,8
586900;586920;3,1
586920;586940;3,8
586940;586960;3,2
586960;586980;2,5
586980;587000;2,7
587000;587020;2,3
587020;587040;1,9
587040;587060;2,5
587060;587080;2,2
587080;587100;2,0
587100;587120;2,4
587120;587140;2,5
587140;587160;2,8
587160;587180;3,0
587180;587200;2,7
587200;587220;2,1
587220;587240;4,1
587240;587260;3,0
587260;587280;2,3
587280;587300;2,5
587300;587320;2,2
587320;587340;1,9
587340;587360;2,2
587360;587380;1,9
587380;587400;2,1
587400;587420;2,9
587420;587440;3,7
587440;587460;4,3
587460;587480;3,0
587480;587500;2,0
587500;587520;2,1
587520;587540;2,2
587540;587560;2,3
587560;587580;2,3
587580;587600;2,6
587600;587620;3,5
587620;587640;2,8
587640;587660;2,3
587660;587680;2,5
587680;587700;2,4
587700;587720;2,5
587720;587740;2,8
587740;587760;3,5
587760;587780;3,0
587780;587800;4,6
587800;587820;3,9
587820;587840;3,6
587840;587860;3,7
587860;587880;3,0
587880;587900;3,1
587900;587920;2,7
587920;587940;2,9
587940;587960;3,0
587960;587980;2,6
587980;588000;2,0
588000;588020;2,3
588020;588040;2,9
588040;588060;2,6
588060;588080;2,9
588080;588100;3,0
588100;588120;3,1
588120;588140;3,0
588140;588160;3,1
588160;588180;3,1
588180;588200;2,3
588200;588220;2,4
588220;588240;3,1
588240;588260;2,4
588260;588280;2,1
588280;588300;1,5
588300;588320;1,4
588320;588340;1,5
588340;588360;1,9
588360;588380;2,0
588380;588400;2,0
588400;588420;2,1
588420;588440;2,6
588440;588460;2,0
588460;588480;2,2
588480;588500;1,6
588500;588520;2,4
588520;588540;3,0
588540;588560;2,7
588560;588580;3,3
588580;588600;2,3
588600;588620;2,4
588620;588640;2,7
588640;588660;2,2
588660;588680;2,1
588680;588700;1,7
588700;588720;2,8
588720;588740;2,9
588740;588760;3,0
588760;588780;2,4
588780;588800;2,1
588800;588820;2,9
588820;588840;2,5
588840;588860;2,5
588860;588880;2,7
588880;588900;2,4
588900;588920;3,0
588920;588940;2,6
588940;588960;3,2
588960;588980;3,2
588980;589000;2,6
589000;589020;2,3
589020;589040;3,3
589040;589060;3,6
589060;589080;3,1
589080;589100;3,0
589100;589120;2,4
589120;589140;2,2
589140;589160;2,4
589160;589180;2,1
589180;589200;1,9
589200;589220;1,9
589220;589240;2,0
589240;589260;2,5
589260;589280;2,6
589280;589300;2,3
589300;589320;3,2
589320;589340;2,7
589340;589360;2,1
589360;589380;2,1
589380;589400;2,0
589400;589420;2,2
589420;589440;2,0
589440;589460;1,9
589460;589480;2,6
589480;589500;2,4
589500;589520;3,5
589520;589540;3,1
589540;589560;2,8
589560;589580;2,9
589580;589600;3,1
589600;589620;2,8
589620;589640;2,9
589640;589660;3,4
589660;589680;3,3
589680;589700;3,3
589700;589720;2,7
589720;589740;2,3
589740;589760;2,4
589760;589780;2,0
589780;589800;2,2
589800;589820;2,5
589820;589840;2,6
589840;589860;3,4
589860;589880;2,0
589880;589900;3,0
589900;589920;2,8
589920;589940;3,0
589940;589960;3,6
589960;589980;2,9
589980;590000;3,4
590000;590020;3,5
590020;590040;3,2
590040;590060;2,7
590060;590080;2,5
590080;590100;2,4
590100;590120;2,9
590120;590140;2,8
590140;590160;2,7
590160;590180;2,6
590180;590200;2,6
590200;590220;2,9
590220;590240;3,6
590240;590260;4,0
590260;590280;4,8
590280;590300;3,6
590300;590320;3,5
590320;590340;3,1
590340;590360;2,4
590360;590380;1,9
590380;590400;2,6
590400;590420;2,9
590420;590440;2,8
590440;590460;2,9
590460;590480;3,3
590480;590500;2,6
590500;590520;2,0
590520;590540;2,4
590540;590560;2,3
590560;590580;2,0
590580;590600;2,1
590600;590620;3,0
590620;590640;3,3
590640;590660;3,6
590660;590680;3,0
590680;590700;2,5
590700;590720;2,2
590720;590740;2,2
590740;590760;3,0
590760;590780;2,6
590780;590800;2,9
590800;590820;3,1
590820;590840;2,8
590840;590860;2,3
590860;590880;2,2
590880;590900;2,3
590900;590920;2,1
590920;590940;2,7
590940;590960;2,6
590960;590980;3,6
590980;591000;3,7
591000;591020;3,4
591020;591040;2,9
591040;591060;3,0
591060;591080;2,9
591080;591100;3,2
591100;591120;3,2
591120;591140;3,2
591140;591160;3,5
591160;591180;3,4
591180;591200;3,6
591200;591220;3,5
591220;591240;3,2
591240;591260;3,0
591260;591280;2,9
591280;591300;4,8
591300;591320;3,7
591320;591340;3,7
591340;591360;2,6
591360;591380;2,4
591380;591400;3,0
591400;591420;3,6
591420;591440;3,6
591440;591460;3,5
591460;591480;3,5
591480;591500;2,7
591500;591520;2,6
591520;591540;2,3
591540;591560;2,2
591560;591580;2,5
591580;591600;2,3
591600;591620;2,4
591620;591640;2,6
591640;591660;2,4
591660;591680;2,5
591680;591700;3,1
591700;591720;3,2
591720;591740;3,4
591740;591760;4,1
591760;591780;3,1
591780;591800;2,0
591800;591820;1,9
591820;591840;1,7
591840;591860;1,9
591860;591880;2,5
591880;591900;2,5
591900;591920;3,0
591920;591940;2,5
591940;591960;1,9
591960;591980;2,0
591980;592000;1,9
592000;592020;2,3
592020;592040;3,0
592040;592060;3,5
592060;592080;3,0
592080;592100;2,1
592100;592120;2,0
592120;592140;1,8
592140;592160;1,6
592160;592180;1,5
592180;592200;1,7
592200;592220;2,0
592220;592240;2,3
592240;592260;3,4
592260;592280;3,5
592280;592300;2,8
592300;592320;2,2
592320;592340;2,0
592340;592360;2,5
592360;592380;2,3
592380;592400;2,6
592400;592420;2,1
592420;592440;2,2
592440;592460;2,5
592460;592480;2,4
592480;592500;1,9
592500;592520;1,9
592520;592540;1,9
592540;592560;2,2
592560;592580;2,5
592580;592600;2,6
592600;592620;2,2
592620;592640;2,3
592640;592660;2,3
592660;592680;2,4
592680;592700;2,3
592700;592720;2,5
592720;592740;2,9
592740;592760;2,7
592760;592780;2,3
592780;592800;2,2
592800;592820;1,9
592820;592840;2,0
592840;592860;2,0
592860;592880;2,3
592880;592900;2,6
592900;592920;2,2
592920;592940;2,5
592940;592960;2,4
592960;592980;2,6
592980;593000;3,5
593000;593020;3,3
593020;593040;3,1
593040;593060;2,8
593060;593080;3,5
593080;593100;3,0
593100;593120;2,1
593120;593140;2,8
593140;593160;3,7
593160;593180;3,4
593180;593200;3,6
593200;593220;3,3
593220;593240;3,0
593240;593260;3,1
593260;593280;3,4
593280;593300;3,0
593300;593320;2,1
593320;593340;2,4
593340;593360;2,5
593360;593380;2,5
593380;593400;2,3
593400;593420;2,8
593420;593440;2,0
593440;593460;2,0
593460;593480;2,5
593480;593500;2,2
593500;593520;2,1
593520;593540;3,0
593540;593560;2,4
593560;593580;1,9
593580;593600;2,2
593600;593620;2,9
593620;593640;2,7
593640;593660;2,8
593660;593680;3,8
593680;593700;3,4
593700;593720;3,0
593720;593740;3,3
593740;593760;2,6
593760;593780;2,4
593780;593800;2,7
593800;593820;2,5
593820;593840;3,3
593840;593860;3,5
593860;593880;2,6
593880;593900;2,1
593900;593920;2,3
593920;593940;2,0
593940;593960;1,6
593960;593980;1,9
593980;594000;2,0
594000;594020;1,9
594020;594040;2,2
594040;594060;2,3
594060;594080;1,9
594080;594100;2,1
594100;594120;1,8
594120;594140;2,8
594140;594160;3,6
594160;594180;2,9
594180;594200;2,9
594200;594220;1,9
594220;594240;2,3
594240;594260;2,8
594260;594280;2,3
594280;594300;2,4
594300;594320;4,8
594320;594340;3,2
594340;594360;2,4
594360;594380;2,3
594380;594400;2,0
594400;594420;2,8
594420;594440;2,7
594440;594460;2,4
594460;594480;3,1
594480;594500;2,1
594500;594520;2,4
594520;594540;1,9
594540;594560;2,4
594560;594580;2,2
594580;594600;2,8
594600;594620;3,1
594620;594640;2,0
594640;594660;2,0
594660;594680;2,0
594680;594700;2,3
594700;594720;2,1
594720;594740;2,9
594740;594760;3,0
594760;594780;2,8
594780;594800;2,2
594800;594820;2,3
594820;594840;1,9
594840;594860;2,0
594860;594880;2,5
594880;594900;2,8
594900;594920;3,1
594920;594940;3,5
594940;594960;2,6
594960;594980;2,1
594980;595000;2,1
595000;595020;2,4
595020;595040;2,6
595040;595060;2,3
595060;595080;2,2
595080;595100;2,8
595100;595120;3,6
595120;595140;2,9
595140;595160;2,4
595160;595180;3,3
595180;595200;3,5
595200;595220;2,8
595220;595240;2,3
595240;595260;3,0
595260;595280;3,0
595280;595300;2,6
595300;595320;2,0
595320;595340;1,9
595340;595360;2,3
595360;595380;2,3
595380;595400;2,2
595400;595420;3,0
595420;595440;3,2
595440;595460;3,6
595460;595480;3,3
595480;595500;3,4
595500;595520;3,4
595520;595540;3,5
595540;595560;2,8
595560;595580;2,9
595580;595600;3,4
595600;595620;3,8
595620;595640;3,7
595640;595660;2,4
595660;595680;1,9
595680;595700;1,7
595700;595720;2,3
595720;595740;2,1
595740;595760;2,7
595760;595780;2,4
595780;595800;2,3
595800;595820;2,7
595820;595840;2,7
595840;595860;2,4
595860;595880;3,7
595880;595900;3,4
595900;595920;6,0
595920;595940;3,6
595940;595960;7,0
595960;595980;4,9
595980;596000;3,2
596000;596020;3,5
596020;596040;6,2
596040;596060;5,3
596060;596080;2,8
596080;596100;2,1
596100;596120;2,4
596120;596140;2,4
596140;596160;1,9
596160;596180;2,1
596180;596200;2,3
596200;596220;2,6
596220;596240;3,8
596240;596260;2,6
596260;596280;2,3
596280;596300;2,7
596300;596320;3,3
596320;596340;2,2
596340;596360;2,3
596360;596380;2,5
596380;596400;2,2
596400;596420;1,8
596420;596440;2,5
596440;596460;2,1
596460;596480;2,1
596480;596500;2,4
596500;596520;2,5
596520;596540;2,2
596540;596560;3,1
596560;596580;1,9
596580;596600;1,7
596600;596620;2,1
596620;596640;2,5
596640;596660;1,8
596660;596680;2,4
596680;596700;2,2
596700;596720;2,1
596720;596740;2,0
596740;596760;1,7
596760;596780;1,8
596780;596800;2,8
596800;596820;2,6
596820;596840;2,1
596840;596860;1,7
596860;596880;1,7
596880;596900;1,9
596900;596920;1,6
596920;596940;2,2
596940;596960;2,4
596960;596980;2,1
596980;597000;2,3
597000;597020;3,8
597020;597040;3,1
597040;597060;2,4
597060;597080;1,7
597080;597100;1,3
597100;597120;1,8
597120;597140;2,0
597140;597160;1,9
597160;597180;2,2
597180;597200;2,1
597200;597220;2,1
597220;597240;2,9
597240;597260;2,8
597260;597280;3,1
597280;597300;1,8
597300;597320;2,1
597320;597340;2,1
597340;597360;2,0
597360;597380;2,1
597380;597400;2,9
597400;597420;3,0
597420;597440;3,1
597440;597460;3,4
597460;597480;2,8
597480;597500;2,1
597500;597520;2,4
597520;597540;2,1
597540;597560;1,6
597560;597580;2,4
597580;597600;2,5
597600;597620;2,2
597620;597640;1,8
597640;597660;1,9
597660;597680;2,1
597680;597700;2,6
597700;597720;2,7
597720;597740;2,7
597740;597760;3,6
597760;597780;3,3
597780;597800;4,0
597800;597820;2,4
597820;597840;2,7
597840;597860;3,9
597860;597880;2,9
597880;597900;3,6
597900;597920;2,2
597920;597940;2,5
597940;597960;2,9
597960;597980;4,1
597980;598000;4,2
598000;598020;2,9
598020;598040;2,9
598040;598060;2,3
598060;598080;2,6
598080;598100;3,0
598100;598120;2,8
598120;598140;2,9
598140;598160;2,4
598160;598180;2,7
598180;598200;2,2
598200;598220;2,6
598220;598240;2,8
598240;598260;3,6
598260;598280;2,2
598280;598300;3,0
598300;598320;2,0
598320;598340;2,0
598340;598360;2,3
598360;598380;2,7
598380;598400;3,1
598400;598420;3,2
598420;598440;2,6
598440;598460;2,8
598460;598480;3,0
598480;598500;4,8
598500;598520;3,5
598520;598540;3,7
598540;598560;3,3
598560;598580;2,5
598580;598600;2,2
598600;598620;3,1
598620;598640;3,5
598640;598660;3,0
598660;598680;2,2
598680;598700;2,5
598700;598720;2,4
598720;598740;3,8
598740;598760;5,5
598760;598780;3,3
598780;598800;3,7
598800;598820;3,7
598820;598840;3,1
598840;598860;3,5
598860;598880;2,9
598880;598900;2,6
598900;598920;2,9
598920;598940;2,6
598940;598960;3,6
598960;598980;3,6
598980;599000;2,3
599000;599020;2,3
599020;599040;2,3
599040;599060;3,0
599060;599080;3,0
599080;599100;3,8
599100;599120;2,7
599120;599140;2,2
599140;599160;2,5
599160;599180;2,3
599180;599200;2,4
599200;599220;2,7
599220;599240;2,1
599240;599260;2,5
599260;599280;2,3
599280;599300;2,7
599300;599320;2,8
599320;599340;3,0
599340;599360;3,3
599360;599380;3,5
599380;599400;3,6
599400;599420;2,9
599420;599440;2,5
599440;599460;3,5
599460;599480;3,0
599480;599500;3,2
599500;599520;2,7
599520;599540;3,9
599540;599560;2,9
599560;599580;5,5
599580;599600;2,7
599600;599620;2,2
599620;599640;2,3
599640;599660;2,1
599660;599680;2,1
599680;599700;2,7
599700;599720;1,9
599720;599740;1,9
599740;599760;2,1
599760;599780;2,4
599780;599800;1,9
599800;599820;1,7
599820;599840;2,5
599840;599860;2,9
599860;599880;2,2
599880;599900;2,2
599900;599920;2,5
599920;599940;3,8
599940;599960;2,4
599960;599980;1,8
599980;600000;1,8
600000;600020;3,0
600020;600040;1,9
600040;600060;5,1
600060;600080;4,1
600080;600100;3,7
600100;600120;2,1
600120;600140;2,2
600140;600160;2,1
600160;600180;2,0
600180;600200;2,2
600200;600220;2,8
600220;600240;2,8
600240;600260;2,6
600260;600280;2,4
600280;600300;2,1
600300;600320;2,0
600320;600340;2,4
600340;600360;2,1
600360;600380;1,7
600380;600400;1,9
600400;600420;2,0
600420;600440;2,4
600440;600460;2,5
600460;600480;2,5
600480;600500;2,7
600500;600520;2,1
600520;600540;2,5
600540;600560;2,7
600560;600580;2,8
600580;600600;2,1
600600;600620;2,0
600620;600640;2,5
600640;600660;2,7
600660;600680;2,6
600680;600700;3,0
600700;600720;2,9
600720;600740;3,3
600740;600760;2,7
600760;600780;2,6
600780;600800;2,9
600800;600820;3,7
600820;600840;2,4
600840;600860;1,9
600860;600880;1,8
600880;600900;1,8
600900;600920;2,0
600920;600940;2,7
600940;600960;3,0
600960;600980;3,3
600980;601000;3,4
601000;601020;3,8
601020;601040;3,9
601040;601060;3,6
601060;601080;3,5
601080;601100;3,2
601100;601120;2,9
601120;601140;3,4
601140;601160;1,8
601160;601180;2,2
601180;601200;2,9
601200;601220;2,6
601220;601240;3,3
601240;601260;1,8
601260;601280;2,0
601280;601300;1,9
601300;601320;1,8
601320;601340;1,8
601340;601360;1,7
601360;601380;1,8
601380;601400;1,9
601400;601420;2,1
601420;601440;2,0
601440;601460;2,4
601460;601480;2,8
601480;601500;2,7
601500;601520;2,3
601520;601540;2,5
601540;601560;3,6
601560;601580;4,0
601580;601600;4,9
601600;601620;3,1
601620;601640;2,9
601640;601660;2,3
601660;601680;2,1
601680;601700;2,4
601700;601720;2,5
601720;601740;2,8
601740;601760;3,0
601760;601780;2,5
601780;601800;3,2
601800;601820;3,0
601820;601840;2,4
601840;601860;2,5
601860;601880;2,1
601880;601900;2,1
601900;601920;2,2
601920;601940;1,7
601940;601960;2,8
601960;601980;2,6
601980;602000;2,7
602000;602020;2,2
602020;602040;2,3
602040;602060;2,8
602060;602080;3,0
602080;602100;2,4
602100;602120;1,8
602120;602140;2,1
602140;602160;2,4
602160;602180;2,9
602180;602200;2,7
602200;602220;2,4
602220;602240;2,1
602240;602260;2,0
602260;602280;1,9
602280;602300;1,5
602300;602320;1,6
602320;602340;2,2
602340;602360;2,3
602360;602380;2,3
602380;602400;2,0
602400;602420;1,8
602420;602440;2,0
602440;602460;1,7
602460;602480;2,0
602480;602500;2,0
602500;602520;2,1
602520;602540;2,1
602540;602560;2,2
602560;602580;2,0
602580;602600;2,1
602600;602620;2,2
602620;602640;2,5
602640;602660;2,5
602660;602680;2,4
602680;602700;2,7
602700;602720;2,6
602720;602740;2,6
602740;602760;2,3
602760;602780;2,0
602780;602800;2,3
602800;602820;2,4
602820;602840;2,4
602840;602860;3,0
602860;602880;2,5
602880;602900;3,2
602900;602920;2,9
602920;602940;2,7
602940;602960;3,5
602960;602980;4,2
602980;603000;3,3
603000;603020;2,9
603020;603040;2,7
603040;603060;2,1
603060;603080;2,3
603080;603100;3,3
603100;603120;2,3
603120;603140;2,3
603140;603160;2,3
603160;603180;2,2
603180;603200;2,5
603200;603220;2,2
603220;603240;2,4
603240;603260;2,1
603260;603280;1,8
603280;603300;1,8
603300;603320;1,8
603320;603340;1,7
603340;603360;3,4
603360;603380;2,0
603380;603400;2,4
603400;603420;2,3
603420;603440;2,4
603440;603460;3,2
603460;603480;3,6
603480;603500;2,6
603500;603520;2,4
603520;603540;2,2
603540;603560;3,4
603560;603580;3,1
603580;603600;2,4
603600;603620;2,8
603620;603640;2,8
603640;603660;3,0
603660;603680;1,7
603680;603700;1,4
603700;603720;1,4
603720;603740;2,2
603740;603760;2,4
603760;603780;1,9
603780;603800;1,8
603800;603820;2,1
603820;603840;2,5
603840;603860;4,0
603860;603880;3,5
603880;603900;3,6
603900;603920;3,2
603920;603940;3,7
603940;603960;4,5
603960;603980;3,7
603980;604000;3,0
604000;604020;2,2
604020;604040;2,2
604040;604060;2,4
604060;604080;2,5
604080;604100;2,3
604100;604120;2,4
604120;604140;2,8
604140;604160;2,6
604160;604180;2,3
604180;604200;2,8
604200;604220;2,5
604220;604240;2,7
604240;604260;1,9
604260;604280;2,5
604280;604300;3,4
604300;604320;3,4
604320;604340;3,3
604340;604360;3,9
604360;604380;3,4
604380;604400;2,2
604400;604420;2,6
604420;604440;2,2
604440;604460;2,0
604460;604480;2,3
604480;604500;3,7
604500;604520;3,5
604520;604540;3,0
604540;604560;3,0
604560;604580;2,4
604580;604600;1,9
604600;604620;2,1
604620;604640;2,2
604640;604660;2,2
604660;604680;2,8
604680;604700;2,2
604700;604720;2,5
604720;604740;3,1
604740;604760;2,8
604760;604780;3,6
604780;604800;4,0
604800;604820;4,1
604820;604840;6,1
604840;604860;3,9
604860;604880;3,4
604880;604900;3,1
604900;604920;4,3
604920;604940;6,6
604940;604960;4,5
604960;604980;3,9
604980;605000;5,3
605000;605020;3,6
605020;605040;4,2
605040;605060;2,5
605060;605080;3,5
605080;605100;4,6
605100;605120;6,1
605120;605140;4,9
605140;605160;3,3
605160;605180;3,2
605180;605200;2,6
605200;605220;3,0
605220;605240;4,7
605240;605260;5,2
605260;605280;5,2
605280;605300;4,8
605300;605320;5,0
605320;605340;3,5
605340;605360;3,2
605360;605380;3,0
605380;605400;3,2
605400;605420;2,6
605420;605440;2,8
605440;605460;1,9
605460;605480;2,8
605480;605500;3,3
605500;605520;3,6
605520;605540;2,5
605540;605560;2,6
605560;605580;2,7
605580;605600;2,1
605600;605620;1,9
605620;605640;2,2
605640;605660;2,1
605660;605680;2,3
605680;605700;2,5
605700;605720;2,7
605720;605740;2,4
605740;605760;2,0
605760;605780;2,3
605780;605800;3,0
605800;605820;2,2
605820;605840;2,1
605840;605860;2,5
605860;605880;2,3
605880;605900;2,9
605900;605920;3,3
605920;605940;2,3
605940;605960;2,1
605960;605980;2,0
605980;606000;2,4
606000;606020;2,5
606020;606040;2,4
606040;606060;2,2
606060;606080;2,3
606080;606100;2,5
606100;606120;2,7
606120;606140;2,4
606140;606160;2,2
606160;606180;2,3
606180;606200;2,4
606200;606220;2,6
606220;606240;2,9
606240;606260;2,7
606260;606280;2,6
606280;606300;2,2
606300;606320;2,2
606320;606340;3,1
606340;606360;3,1
606360;606380;3,0
606380;606400;3,1
606400;606420;2,6
606420;606440;2,2
606440;606460;2,0
606460;606480;2,1
606480;606500;2,0
606500;606520;1,9
606520;606540;2,0
606540;606560;2,7
606560;606580;3,0
606580;606600;2,8
606600;606620;2,1
606620;606640;2,7
606640;606660;3,1
606660;606680;2,5
606680;606700;2,0
606700;606720;2,4
606720;606740;2,1
606740;606760;2,6
606760;606780;2,7
606780;606800;2,7
606800;606820;2,6
606820;606840;2,4
606840;606860;2,3
606860;606880;5,0
606880;606900;7,0
606900;606920;12,5
606920;606940;5,8
606940;606960;3,2
606960;606980;2,5
606980;607000;2,5
607000;607020;2,4
607020;607040;3,6
607040;607060;3,0
607060;607080;1,8
607080;607100;2,3
607100;607120;3,7
607120;607140;2,3
607140;607160;2,4
607160;607180;2,0
607180;607200;2,4
607200;607220;1,8
607220;607240;1,9
607240;607260;2,2
607260;607280;2,7
607280;607300;3,2
607300;607320;3,2
607320;607340;2,7
607340;607360;2,1
607360;607380;2,2
607380;607400;2,5
607400;607420;1,9
607420;607440;1,7
607440;607460;1,8
607460;607480;2,0
607480;607500;3,6
607500;607520;3,1
607520;607540;2,6
607540;607560;2,8
607560;607580;1,5
607580;607600;1,6
607600;607620;2,0
607620;607640;2,3
607640;607660;1,9
607660;607680;2,6
607680;607700;3,1
607700;607720;2,2
607720;607740;2,3
607740;607760;2,0
607760;607780;2,1
607780;607800;2,4
607800;607820;2,1
607820;607840;2,4
607840;607860;3,2
607860;607880;3,1
607880;607900;2,3
607900;607920;2,3
607920;607940;2,4
607940;607960;2,4
607960;607980;2,2
607980;608000;2,4
608000;608020;2,2
608020;608040;2,1
608040;608060;2,2
608060;608080;2,7
608080;608100;2,7
608100;608120;2,3
608120;608140;2,2
608140;608160;1,8
608160;608180;1,7
608180;608200;2,4
608200;608220;2,4
608220;608240;2,6
608240;608260;2,6
608260;608280;2,8
608280;608300;2,5
608300;608320;2,2
608320;608340;2,2
608340;608360;2,2
608360;608380;2,5
608380;608400;2,3
608400;608420;2,1
608420;608440;2,1
608440;608460;2,1
608460;608480;1,9
608480;608500;2,2
608500;608520;1,8
608520;608540;2,2
608540;608560;2,5
608560;608580;3,5
608580;608600;2,2
608600;608620;2,2
608620;608640;2,5
608640;608660;2,4
608660;608680;1,9
608680;608700;1,9
608700;608720;1,8
608720;608740;2,3
608740;608760;2,4
608760;608780;2,6
608780;608800;2,7
608800;608820;2,4
608820;608840;2,3
608840;608860;1,9
608860;608880;2,4
608880;608900;1,6
608900;608920;1,9
608920;608940;1,9
608940;608960;2,3
608960;608980;2,3
608980;609000;3,0
609000;609020;3,4
609020;609040;3,7
609040;609060;3,5
609060;609080;4,3
609080;609100;3,3
609100;609120;2,9
609120;609140;3,3
609140;609160;3,3
609160;609180;2,7
609180;609200;2,8
609200;609220;2,8
609220;609240;2,8
609240;609260;3,1
609260;609280;3,5
609280;609300;2,8
609300;609320;3,1
609320;609340;2,8
609340;609360;3,0
609360;609380;3,4
609380;609400;3,5
609400;609420;2,3
609420;609440;3,1
609440;609460;3,5
609460;609480;3,2
609480;609500;3,3
609500;609520;3,6
609520;609540;2,6
609540;609560;3,8
609560;609580;2,7
609580;609600;1,9
609600;609620;1,9
609620;609640;2,3
609640;609660;3,4
609660;609680;3,0
609680;609700;2,0
609700;609720;2,5
609720;609740;2,8
609740;609760;2,8
609760;609780;2,9
609780;609800;2,6
609800;609820;2,2
609820;609840;2,2
609840;609860;3,3
609860;609880;2,6
609880;609900;2,1
609900;609920;2,2
609920;609940;2,0
609940;609960;1,9
609960;609980;2,1
609980;610000;2,5
610000;610020;2,1
610020;610040;4,2
610040;610060;2,6
610060;610080;2,2
610080;610100;1,8
610100;610120;2,0
610120;610140;2,1
610140;610160;2,7
610160;610180;2,4
610180;610200;2,4
610200;610220;3,3
610220;610240;2,4
610240;610260;2,3
610260;610280;2,7
610280;610300;2,5
610300;610320;3,0
610320;610340;3,2
610340;610360;2,5
610360;610380;2,2
610380;610400;2,0
610400;610420;2,0
610420;610440;2,0
610440;610460;1,7
610460;610480;2,0
610480;610500;2,1
610500;610520;2,3
610520;610540;2,1
610540;610560;2,7
610560;610580;2,2
610580;610600;1,8
610600;610620;2,2
610620;610640;2,9
610640;610660;2,4
610660;610680;2,1
610680;610700;2,1
610700;610720;2,8
610720;610740;2,1
610740;610760;2,1
610760;610780;2,2
610780;610800;2,9
610800;610820;2,5
610820;610840;2,3
610840;610860;2,1
610860;610880;1,7
610880;610900;2,0
610900;610920;3,2
610920;610940;3,9
610940;610960;2,4
610960;610980;2,3
610980;611000;2,9
611000;611020;2,4
611020;611040;2,6
611040;611060;2,3
611060;611080;2,5
611080;611100;2,5
611100;611120;2,3
611120;611140;3,1
611140;611160;2,2
611160;611180;2,7
611180;611200;2,7
611200;611220;5,3
611220;611240;4,3
611240;611260;3,3
611260;611280;3,0
611280;611300;2,9
611300;611320;2,7
611320;611340;2,9
611340;611360;2,8
611360;611380;3,1
611380;611400;3,2
611400;611420;2,6
611420;611440;2,2
611440;611460;3,0
611460;611480;3,0
611480;611500;2,5
611500;611520;3,0
611520;611540;3,0
611540;611560;3,1
611560;611580;3,3
611580;611600;3,7
611600;611620;3,2
611620;611640;2,0
611640;611660;2,3
611660;611680;3,0
611680;611700;3,4
611700;611720;4,2
611720;611740;8,3
611740;611760;4,1
611760;611780;5,1
611780;611800;4,8
611800;611820;3,2
611820;611840;5,6
611840;611860;7,1
611860;611880;3,5
611880;611900;3,3
611900;611920;4,1
611920;611940;3,9
611940;611960;3,5
611960;611980;2,9
611980;612000;3,2
612000;612020;3,8
612020;612040;3,0
612040;612060;3,7
612060;612080;5,1
612080;612100;5,3
612100;612120;3,9
612120;612140;3,2
612140;612160;3,3
612160;612180;2,8
612180;612200;4,6
612200;612220;3,6
612220;612240;5,0
612240;612260;3,6
612260;612280;3,8
612280;612300;3,3
612300;612320;4,8
612320;612340;2,9
612340;612360;3,4
612360;612380;2,5
612380;612400;3,3
612400;612420;2,8
612420;612440;2,6
612440;612460;2,8
612460;612480;3,1
612480;612500;2,6
612500;612520;2,7
612520;612540;3,3
612540;612560;2,6
612560;612580;3,8
612580;612600;2,8
612600;612620;2,6
612620;612640;3,4
612640;612660;4,4
612660;612680;4,1
612680;612700;7,4
612700;612720;6,4
612720;612740;3,6
612740;612760;2,0
612760;612780;2,4
612780;612800;2,4
612800;612820;2,1
612820;612840;2,3
612840;612860;2,5
612860;612880;6,6
612880;612900;9,2
612900;612920;6,0
612920;612940;2,4
612940;612960;2,2
612960;612980;2,2
612980;613000;2,5
613000;613020;2,3
613020;613040;3,5
613040;613060;3,5
613060;613080;4,8
613080;613100;5,6
613100;613120;4,0
613120;613140;5,7
613140;613160;4,6
613160;613180;2,9
613180;613200;2,5
613200;613220;2,6
613220;613240;2,8
613240;613260;2,8
613260;613280;2,8
613280;613300;2,1
613300;613320;2,3
613320;613340;2,3
613340;613360;1,8
613360;613380;1,8
613380;613400;1,9
613400;613420;2,0
613420;613440;1,8
613440;613460;2,3
613460;613480;2,3
613480;613500;2,1
613500;613520;2,4
613520;613540;2,4
613540;613560;2,2
613560;613580;1,8
613580;613600;2,8
613600;613620;2,7
613620;613640;3,1
613640;613660;3,8
613660;613680;2,8
613680;613700;2,6
613700;613720;2,6
613720;613740;2,2
613740;613760;2,3
613760;613780;2,3
613780;613800;2,1
613800;613820;2,2
613820;613840;2,1
613840;613860;2,2
613860;613880;2,6
613880;613900;2,9
613900;613920;3,6
613920;613940;3,9
613940;613960;2,8
613960;613980;2,2
613980;614000;2,3
614000;614020;2,2
614020;614040;2,3
614040;614060;2,7
614060;614080;2,6
614080;614100;2,8
614100;614120;3,5
614120;614140;3,9
614140;614160;2,6
614160;614180;2,0
614180;614200;2,3
614200;614220;2,9
614220;614240;2,4
614240;614260;2,4
614260;614280;3,6
614280;614300;3,3
614300;614320;3,3
614320;614340;2,5
614340;614360;2,1
614360;614380;2,8
614380;614400;2,1
614400;614420;2,1
614420;614440;2,4
614440;614460;1,7
614460;614480;2,1
614480;614500;2,0
614500;614520;2,9
614520;614540;2,5
614540;614560;3,1
614560;614580;2,5
614580;614600;2,1
614600;614620;2,0
614620;614640;2,1
614640;614660;1,7
614660;614680;1,8
614680;614700;1,8
614700;614720;2,6
614720;614740;2,4
614740;614760;2,2
614760;614780;3,2
614780;614800;3,6
614800;614820;3,0
614820;614840;2,7
614840;614860;2,2
614860;614880;2,5
614880;614900;2,0
614900;614920;1,6
614920;614940;1,9
614940;614960;2,3
614960;614980;2,1
614980;615000;1,8
615000;615020;2,4
615020;615040;2,8
615040;615060;5,5
615060;615080;2,5
615080;615100;2,3
615100;615120;2,6
615120;615140;1,9
615140;615160;2,1
615160;615180;1,8
615180;615200;1,6
615200;615220;2,0
615220;615240;1,6
615240;615260;1,6
615260;615280;1,8
615280;615300;1,9
615300;615320;2,6
615320;615340;3,4
615340;615360;2,6
615360;615380;2,3
615380;615400;2,5
615400;615420;3,2
615420;615440;3,1
615440;615460;2,7
615460;615480;2,0
615480;615500;2,4
615500;615520;2,4
615520;615540;2,5
615540;615560;2,1
615560;615580;2,6
615580;615600;3,4
615600;615620;3,0
615620;615640;2,6
615640;615660;2,2
615660;615680;2,6
615680;615700;2,3
615700;615720;1,9
615720;615740;3,3
615740;615760;2,3
615760;615780;2,2
615780;615800;1,7
615800;615820;2,2
615820;615840;4,0
615840;615860;2,8
615860;615880;2,6
615880;615900;2,8
615900;615920;2,0
615920;615940;2,0
615940;615960;2,2
615960;615980;2,8
615980;616000;2,1
616000;616020;1,8
616020;616040;2,5
616040;616060;3,6
616060;616080;3,6
616080;616100;3,3
616100;616120;3,5
616120;616140;2,9
616140;616160;2,7
616160;616180;3,0
616180;616200;3,7
616200;616220;4,0
616220;616240;4,3
616240;616260;1,8
616260;616280;2,0
616280;616300;1,8
616300;616320;2,0
616320;616340;1,8
616340;616360;2,5
616360;616380;2,4
616380;616400;1,9
616400;616420;1,4
616420;616440;1,5
616440;616460;1,3
616460;616480;2,1
616480;616500;1,9
616500;616520;2,4
616520;616540;2,5
616540;616560;2,4
616560;616580;1,8
616580;616600;1,8
616600;616620;2,0
616620;616640;1,7
616640;616660;2,1
616660;616680;2,3
616680;616700;2,1
616700;616720;1,6
616720;616740;1,7
616740;616760;3,1
616760;616780;3,4
616780;616800;3,2
616800;616820;2,8
616820;616840;3,2
616840;616860;2,2
616860;616880;2,2
616880;616900;1,9
616900;616920;2,5
616920;616940;2,2
616940;616960;2,9
616960;616980;2,4
616980;617000;2,0
617000;617020;1,9
617020;617040;2,5
617040;617060;2,6
617060;617080;2,2
617080;617100;2,1
617100;617120;2,3
617120;617140;1,9
617140;617160;3,8
617160;617180;2,6
617180;617200;2,0
617200;617220;1,6
617220;617240;1,9
617240;617260;2,1
617260;617280;2,4
617280;617300;3,1
617300;617320;3,7
617320;617340;2,4
617340;617360;2,2
617360;617380;2,2
617380;617400;2,2
617400;617420;2,3
617420;617440;2,4
617440;617460;2,0
617460;617480;2,3
617480;617500;2,5
617500;617520;2,4
617520;617540;1,6
617540;617560;1,5
617560;617580;1,6
617580;617600;2,2
617600;617620;2,4
617620;617640;2,4
617640;617660;2,3
617660;617680;1,8
617680;617700;1,7
617700;617720;2,4
617720;617740;2,9
617740;617760;2,4
617760;617780;2,0
617780;617800;1,4
617800;617820;1,7
617820;617840;2,3
617840;617860;2,7
617860;617880;3,2
617880;617900;2,7
617900;617920;3,9
617920;617940;3,4
617940;617960;3,9
617960;617980;2,3
617980;618000;2,3
618000;618020;2,1
618020;618040;2,1
618040;618060;2,2
618060;618080;2,2
618080;618100;2,0
618100;618120;2,1
618120;618140;2,0
618140;618160;2,0
618160;618180;2,1
618180;618200;1,8
618200;618220;2,6
618220;618240;2,3
618240;618260;2,0
618260;618280;2,6
618280;618300;2,1
618300;618320;2,4
618320;618340;2,2
618340;618360;2,3
618360;618380;3,2
618380;618400;3,3
618400;618420;3,2
618420;618440;3,6
618440;618460;3,7
618460;618480;4,7
618480;618500;2,7
618500;618520;2,0
618520;618540;2,5
618540;618560;2,2
618560;618580;2,8
618580;618600;2,4
618600;618620;2,8
618620;618640;2,9
618640;618660;2,6
618660;618680;2,7
618680;618700;3,1
618700;618720;3,3
618720;618740;2,7
618740;618760;2,8
618760;618780;2,2
618780;618800;4,0
618800;618820;4,3
618820;618840;2,8
618840;618860;3,1
618860;618880;3,0
618880;618900;3,0
618900;618920;4,6
618920;618940;4,0
618940;618960;4,5
618960;618980;5,4
618980;619000;2,7
619000;619020;2,3
619020;619040;2,7
619040;619060;2,7
619060;619080;3,1
619080;619100;4,3
619100;619120;2,9
619120;619140;2,9
619140;619160;3,1
619160;619180;2,2
619180;619200;3,0
619200;619220;3,7
619220;619240;3,6
619240;619260;2,4
619260;619280;3,5
619280;619300;2,5
619300;619320;2,6
619320;619340;3,0
619340;619360;2,9
619360;619380;3,9
619380;619400;3,5
619400;619420;2,2
619420;619440;2,2
619440;619460;2,3
619460;619480;2,3
619480;619500;2,2
619500;619520;2,8
619520;619540;2,3
619540;619560;1,6
619560;619580;1,9
619580;619600;1,9
619600;619620;1,7
619620;619640;1,4
619640;619660;1,8
619660;619680;2,8
619680;619700;2,5
619700;619720;2,4
619720;619740;3,3
619740;619760;3,1
619760;619780;2,3
619780;619800;2,4
619800;619820;2,6
619820;619840;2,0
619840;619860;3,0
619860;619880;3,5
619880;619900;2,7
619900;619920;2,3
619920;619940;2,0
619940;619960;2,1
619960;619980;3,0
619980;620000;2,9
620000;620020;4,0
620020;620040;3,1
620040;620060;2,7
620060;620080;2,4
620080;620100;2,3
620100;620120;2,0
620120;620140;2,2
620140;620160;2,2
620160;620180;1,7
620180;620200;2,0
620200;620220;2,3
620220;620240;2,9
620240;620260;2,2
620260;620280;2,1
620280;620300;2,8
620300;620320;2,1
620320;620340;2,3
620340;620360;2,8
620360;620380;2,8
620380;620400;2,0
620400;620420;2,0
620420;620440;2,2
620440;620460;2,2
620460;620480;2,1
620480;620500;3,0
620500;620520;2,8
620520;620540;2,5
620540;620560;2,9
620560;620580;3,1
620580;620600;2,8
620600;620620;3,1
620620;620640;1,9
620640;620660;1,8
620660;620680;2,2
620680;620700;2,5
620700;620720;2,3
620720;620740;2,6
620740;620760;2,8
620760;620780;3,1
620780;620800;2,6
620800;620820;2,2
620820;620840;2,3
620840;620860;3,4
620860;620880;4,6
620880;620900;3,8
620900;620920;2,6
620920;620940;2,8
620940;620960;2,4
620960;620980;1,9
620980;621000;2,3
621000;621020;1,9
621020;621040;2,2
621040;621060;2,4
621060;621080;2,2
621080;621100;2,7
621100;621120;2,6
621120;621140;2,3
621140;621160;2,6
621160;621180;2,4
621180;621200;2,8
621200;621220;2,7
621220;621240;3,0
621240;621260;2,8
621260;621280;2,7
621280;621300;2,6
621300;621320;2,7
621320;621340;2,5
621340;621360;2,2
621360;621380;2,7
621380;621400;3,4
621400;621420;3,1
621420;621440;2,5
621440;621460;2,8
621460;621480;3,0
621480;621500;2,6
621500;621520;2,5
621520;621540;2,0
621540;621560;2,3
621560;621580;2,5
621580;621600;2,5
621600;621620;2,0
621620;621640;2,8
621640;621660;2,3
621660;621680;2,7
621680;621700;2,8
621700;621720;2,2
621720;621740;2,6
621740;621760;2,6
621760;621780;2,7
621780;621800;2,7
621800;621820;3,4
621820;621840;4,1
621840;621860;3,1
621860;621880;2,8
621880;621900;3,6
621900;621920;2,8
621920;621940;3,6
621940;621960;3,4
621960;621980;3,1
621980;622000;2,3
622000;622020;2,4
622020;622040;2,9
622040;622060;3,0
622060;622080;1,8
622080;622100;2,0
622100;622120;2,0
622120;622140;1,7
622140;622160;2,3
622160;622180;2,2
622180;622200;2,8
622200;622220;3,8
622220;622240;2,4
622240;622260;1,6
622260;622280;2,0
622280;622300;1,8
622300;622320;2,2
622320;622340;2,6
622340;622360;3,1
622360;622380;2,3
622380;622400;1,8
622400;622420;2,0
622420;622440;1,9
622440;622460;2,1
622460;622480;2,0
622480;622500;1,7
622500;622520;1,7
622520;622540;1,8
622540;622560;2,3
622560;622580;2,0
622580;622600;1,8
622600;622620;1,8
622620;622640;2,1
622640;622660;2,3
622660;622680;2,9
622680;622700;2,8
622700;622720;3,2
622720;622740;2,9
622740;622760;2,9
622760;622780;3,2
622780;622800;2,9
622800;622820;2,6
622820;622840;2,4
622840;622860;2,7
622860;622880;2,6
622880;622900;2,1
622900;622920;2,2
622920;622940;1,9
622940;622960;2,4
622960;622980;2,7
622980;623000;3,1
623000;623020;2,4
623020;623040;2,6
623040;623060;2,5
623060;623080;2,7
623080;623100;2,5
623100;623120;2,7
623120;623140;2,0
623140;623160;2,4
623160;623180;2,1
623180;623200;3,2
623200;623220;2,7
623220;623240;2,2
623240;623260;2,6
623260;623280;2,8
623280;623300;3,2
623300;623320;2,1
623320;623340;1,9
623340;623360;1,7
623360;623380;2,2
623380;623400;2,0
623400;623420;2,2
623420;623440;2,8
623440;623460;2,7
623460;623480;3,1
623480;623500;4,0
623500;623520;2,6
623520;623540;2,6
623540;623560;1,8
623560;623580;1,9
623580;623600;2,3
623600;623620;2,3
623620;623640;2,5
623640;623660;2,2
623660;623680;1,9
623680;623700;2,0
623700;623720;2,5
623720;623740;2,0
623740;623760;1,6
623760;623780;2,0
623780;623800;1,7
623800;623820;2,3
623820;623840;2,6
623840;623860;2,4
623860;623880;3,1
623880;623900;2,5
623900;623920;2,0
623920;623940;1,9
623940;623960;1,8
623960;623980;2,1
623980;624000;3,0
624000;624020;2,5
624020;624040;1,9
624040;624060;1,6
624060;624080;1,6
624080;624100;2,0
624100;624120;3,0
624120;624140;2,5
624140;624160;2,0
624160;624180;2,3
624180;624200;2,3
624200;624220;2,8
624220;624240;2,1
624240;624260;1,8
624260;624280;2,0
624280;624300;2,3
624300;624320;2,7
624320;624340;2,7
624340;624360;2,7
624360;624380;2,5
624380;624400;2,2
624400;624420;2,4
624420;624440;2,2
624440;624460;3,7
624460;624480;3,3
624480;624500;3,4
624500;624520;2,6
624520;624540;2,6
624540;624560;2,2
624560;624580;2,4
624580;624600;3,1
624600;624620;3,4
624620;624640;3,9
624640;624660;3,5
624660;624680;2,9
624680;624700;3,4
624700;624720;4,1
624720;624740;3,1
624740;624760;2,5
624760;624780;4,1
624780;624800;3,8
624800;624820;3,1
624820;624840;3,4
624840;624860;3,2
624860;624880;3,4
624880;624900;3,3
624900;624920;3,5
624920;624940;2,7
624940;624960;3,0
624960;624980;3,0
624980;625000;5,2
625000;625020;2,5
625020;625040;2,3
625040;625060;2,2
625060;625080;2,5
625080;625100;2,4
625100;625120;1,8
625120;625140;2,0
625140;625160;2,2
625160;625180;2,5
625180;625200;3,6
625200;625220;2,9
625220;625240;2,5
625240;625260;2,4
625260;625280;3,0
625280;625300;3,1
625300;625320;2,2
625320;625340;2,4
625340;625360;2,8
625360;625380;3,5
625380;625400;3,0
625400;625420;3,6
625420;625440;1,9
625440;625460;2,1
625460;625480;2,6
625480;625500;2,1
625500;625520;2,5
625520;625540;2,9
625540;625560;2,3
625560;625580;3,0
625580;625600;2,3
625600;625620;2,1
625620;625640;3,3
625640;625660;4,4
625660;625680;5,0
625680;625700;3,9
625700;625720;2,9
625720;625740;3,5
625740;625760;4,9
625760;625780;4,1
625780;625800;3,0
625800;625820;4,0
625820;625840;2,6
625840;625860;2,6
625860;625880;3,1
625880;625900;2,5
625900;625920;2,6
625920;625940;3,3
625940;625960;2,9
625960;625980;4,0
625980;626000;2,8
626000;626020;2,9
626020;626040;2,7
626040;626060;3,8
626060;626080;3,2
626080;626100;3,5
626100;626120;2,8
626120;626140;3,9
626140;626160;2,4
626160;626180;2,0
626180;626200;2,4
626200;626220;2,9
626220;626240;4,6
626240;626260;3,0
626260;626280;2,7
626280;626300;3,5
626300;626320;3,2
626320;626340;2,7
626340;626360;2,2
626360;626380;2,3
626380;626400;3,2
626400;626420;3,1
626420;626440;3,1
626440;626460;2,8
626460;626480;3,2
626480;626500;2,7
626500;626520;2,4
626520;626540;2,9
626540;626560;3,0
626560;626580;2,3
626580;626600;3,1
626600;626620;4,4
626620;626640;5,0
626640;626660;3,5
626660;626680;3,0
626680;626700;3,3
626700;626720;3,4
626720;626740;4,4
626740;626760;2,8
626760;626780;3,1
626780;626800;2,7
626800;626820;3,0
626820;626840;3,0
626840;626860;2,9
626860;626880;3,1
626880;626900;2,3
626900;626920;2,0
626920;626940;2,5
626940;626960;2,6
626960;626980;2,5
626980;627000;2,6
627000;627020;3,3
627020;627040;3,6
627040;627060;3,3
627060;627080;3,3
627080;627100;3,6
627100;627120;3,3
627120;627140;3,8
627140;627160;2,5
627160;627180;2,6
627180;627200;2,4
627200;627220;2,5
627220;627240;3,5
627240;627260;3,4
627260;627280;4,4
627280;627300;5,7
627300;627320;3,4
627320;627340;4,1
627340;627360;6,0
627360;627380;3,3
627380;627400;7,0
627400;627420;6,2
627420;627440;3,8
627440;627460;5,8
627460;627480;3,5
627480;627500;3,5
627500;627520;3,5
627520;627540;3,7
627540;627560;3,8
627560;627580;4,1
627580;627600;3,1
627600;627620;2,8
627620;627640;4,2
627640;627660;2,9
627660;627680;5,2
627680;627700;2,9
627700;627720;2,9
627720;627740;2,9
627740;627760;3,8
627760;627780;3,9
627780;627800;2,8
627800;627820;3,1
627820;627840;3,1
627840;627860;3,2
627860;627880;3,4
627880;627900;3,8
627900;627920;3,5
627920;627940;3,2
627940;627960;2,7
627960;627980;4,4
627980;628000;4,6
628000;628020;5,6
628020;628040;7,4
628040;628060;6,7
628060;628080;4,0
628080;628100;6,0
628100;628120;4,7
628120;628140;3,2
628140;628160;3,6
628160;628180;2,9
628180;628200;2,5
628200;628220;3,0
628220;628240;3,4
628240;628260;4,0
628260;628280;3,9
628280;628300;2,8
628300;628320;2,6
628320;628340;4,0
628340;628360;3,2
628360;628380;3,2
628380;628400;3,6
628400;628420;2,9
628420;628440;3,8
628440;628460;4,1
628460;628480;2,8
628480;628500;2,9
628500;628520;2,4
628520;628540;4,0
628540;628560;3,9
628560;628580;2,9
628580;628600;2,4
628600;628620;2,9
628620;628640;5,5
628640;628660;4,1
628660;628680;2,7
628680;628700;2,8
628700;628720;3,2
628720;628740;2,6
628740;628760;3,7
628760;628780;3,9
628780;628800;3,7
628800;628820;8,1
628820;628840;4,7
628840;628860;5,4
628860;628880;2,9
628880;628900;3,5
628900;628920;2,8
628920;628940;2,4
628940;628960;2,8
628960;628980;2,4
628980;629000;3,0
629000;629020;2,4
629020;629040;2,0
629040;629060;2,5
629060;629080;3,6
629080;629100;3,9
629100;629120;4,5
629120;629140;3,8
629140;629160;3,2
629160;629180;2,3
629180;629200;2,8
629200;629220;3,0
629220;629240;3,3
629240;629260;4,5
629260;629280;2,6
629280;629300;2,2
629300;629320;2,7
629320;629340;2,7
629340;629360;2,5
629360;629380;2,8
629380;629400;2,3
629400;629420;3,7
629420;629440;5,8
629440;629460;3,5
629460;629480;5,5
629480;629500;4,4
629500;629520;3,6
629520;629540;3,6
629540;629560;3,1
629560;629580;2,3
629580;629600;1,9
629600;629620;2,0
629620;629640;2,5
629640;629660;2,2
629660;629680;2,5
629680;629700;2,7
629700;629720;4,2
629720;629740;3,5
629740;629760;3,8
629760;629780;2,7
629780;629800;2,6
629800;629820;2,2
629820;629840;2,6
629840;629860;3,5
629860;629880;3,5
629880;629900;2,7
629900;629920;2,8
629920;629940;3,1
629940;629960;2,2
629960;629980;2,1
629980;630000;2,5
630000;630020;2,6
630020;630040;2,1
630040;630060;2,1
630060;630080;2,7
630080;630100;2,4
630100;630120;2,9
630120;630140;3,1
630140;630160;3,0
630160;630180;3,3
630180;630200;3,4
630200;630220;3,6
630220;630240;3,3
630240;630260;3,5
630260;630280;3,5
630280;630300;3,5
630300;630320;3,4
630320;630340;3,4
630340;630360;3,4
630360;630380;3,0
630380;630400;2,6
630400;630420;1,5
630420;630440;1,8
630440;630460;2,0
630460;630480;1,6
630480;630500;1,9
630500;630520;1,9
630520;630540;2,3
630540;630560;1,9
630560;630580;1,7
630580;630600;1,9
630600;630620;2,7
630620;630640;3,3
630640;630660;3,4
630660;630680;3,6
630680;630700;3,6
630700;630720;3,5
630720;630740;3,5
630740;630760;2,9
630760;630780;2,0
630780;630800;1,9
630800;630820;2,0
630820;630840;1,9
630840;630860;1,5
630860;630880;2,1
630880;630900;2,3
630900;630920;1,8
630920;630940;2,1
630940;630960;2,3
630960;630980;2,5
630980;631000;2,3
631000;631020;2,1
631020;631040;2,1
631040;631060;1,9
631060;631080;2,5
631080;631100;2,5
631100;631120;1,8
631120;631140;2,3
631140;631160;2,6
631160;631180;2,1
631180;631200;2,6
631200;631220;2,6
631220;631240;2,7
631240;631260;2,2
631260;631280;2,2
631280;631300;2,1
631300;631320;3,0
631320;631340;3,5
631340;631360;2,2
631360;631380;2,6
631380;631400;1,9
631400;631420;2,4
631420;631440;2,2
631440;631460;3,8
631460;631480;3,9
631480;631500;3,9
631500;631520;2,6
631520;631540;2,7
631540;631560;3,7
631560;631580;4,1
631580;631600;3,7
631600;631620;2,4
631620;631640;2,5
631640;631660;2,2
631660;631680;2,3
631680;631700;2,2
631700;631720;2,1
631720;631740;2,4
631740;631760;2,3
631760;631780;2,9
631780;631800;4,0
631800;631820;3,1
631820;631840;2,3
631840;631860;2,5
631860;631880;2,5
631880;631900;2,0
631900;631920;2,6
631920;631940;3,2
631940;631960;2,3
631960;631980;2,6
631980;632000;3,3
632000;632020;3,0
632020;632040;2,8
632040;632060;2,8
632060;632080;2,8
632080;632100;3,3
632100;632120;5,0
632120;632140;4,5
632140;632160;2,9
632160;632180;2,7
632180;632200;2,6
632200;632220;2,5
632220;632240;2,1
632240;632260;2,7
632260;632280;4,3
632280;632300;3,2
632300;632320;4,5
632320;632340;4,4
632340;632360;3,8
632360;632380;4,2
632380;632400;3,3
632400;632420;3,6
632420;632440;2,6
632440;632460;2,8
632460;632480;2,5
632480;632500;2,5
632500;632520;2,2
632520;632540;2,3
632540;632560;2,2
632560;632580;3,5
632580;632600;2,1
632600;632620;2,0
632620;632640;2,1
632640;632660;2,3
632660;632680;1,9
632680;632700;1,7
632700;632720;1,9
632720;632740;2,3
632740;632760;2,5
632760;632780;1,8
632780;632800;2,0
632800;632820;2,8
632820;632840;2,7
632840;632860;2,3
632860;632880;2,6
632880;632900;2,2
632900;632920;3,1
632920;632940;4,9
632940;632960;3,4
632960;632980;1,9
632980;633000;1,7
633000;633020;2,9
633020;633040;7,8
633040;633060;3,5
633060;633080;3,4
633080;633100;2,4
633100;633120;2,9
633120;633140;1,9
633140;633160;2,0
633160;633180;2,2
633180;633200;2,8
633200;633220;3,7
633220;633240;3,5
633240;633260;2,5
633260;633280;2,2
633280;633300;2,5
633300;633320;3,1
633320;633340;2,6
633340;633360;3,0
633360;633380;2,7
633380;633400;2,6
633400;633420;2,6
633420;633440;4,5
633440;633460;2,9
633460;633480;3,1
633480;633500;5,8
633500;633520;3,1
633520;633540;2,5
633540;633560;2,9
633560;633580;3,1
633580;633600;3,2
633600;633620;3,8
633620;633640;3,9
633640;633660;3,7
633660;633680;3,1
633680;633700;3,9
633700;633720;3,2
633720;633740;3,5
633740;633760;2,0
633760;633780;3,6
633780;633800;2,8
633800;633820;2,6
633820;633840;4,2
633840;633860;3,2
633860;633880;2,2
633880;633900;2,7
633900;633920;3,5
633920;633940;4,0
633940;633960;3,9
633960;633980;5,6
633980;634000;6,0
634000;634020;4,0
634020;634040;4,4
634040;634060;4,6
634060;634080;3,8
634080;634100;2,6
634100;634120;2,1
634120;634140;2,7
634140;634160;2,4
634160;634180;1,9
634180;634200;2,5
634200;634220;2,5
634220;634240;2,2
634240;634260;2,2
634260;634280;2,8
634280;634300;2,0
634300;634320;2,5
634320;634340;2,6
634340;634360;2,8
634360;634380;2,5
634380;634400;2,9
634400;634420;2,8
634420;634440;1,9
634440;634460;2,2
634460;634480;2,2
634480;634500;2,1
634500;634520;2,1
634520;634540;2,4
634540;634560;2,2
634560;634580;2,3
634580;634600;3,3
634600;634620;2,1
634620;634640;2,6
634640;634660;3,0
634660;634680;2,1
634680;634700;1,6
634700;634720;2,4
634720;634740;3,1
634740;634760;2,3
634760;634780;2,9
634780;634800;2,6
634800;634820;2,6
634820;634840;2,3
634840;634860;2,4
634860;634880;2,9
634880;634900;3,5
634900;634920;2,9
634920;634940;3,6
634940;634960;3,7
634960;634980;2,7
634980;635000;3,6
635000;635020;3,9
635020;635040;4,1
635040;635060;3,7
635060;635080;2,5
635080;635100;2,4
635100;635120;2,2
635120;635140;2,7
635140;635160;2,8
635160;635180;2,3
635180;635200;2,9
635200;635220;2,6
635220;635240;4,5
635240;635260;5,2
635260;635280;4,0
635280;635300;3,5
635300;635320;3,5
635320;635340;3,4
635340;635360;9,5
635360;635380;5,1
635380;635400;2,0
635400;635420;2,1
635420;635440;2,3
635440;635460;1,9
635460;635480;2,3
635480;635500;1,6
635500;635520;1,3
635520;635540;1,2
635540;635560;2,2
635560;635580;2,2
635580;635600;3,1
635600;635620;2,7
635620;635640;1,7
635640;635660;2,1
635660;635680;3,4
635680;635700;3,0
635700;635720;1,8
635720;635740;2,4
635740;635760;2,4
635760;635780;2,9
635780;635800;3,8
635800;635820;2,5
635820;635840;3,1
635840;635860;3,1
635860;635880;3,2
635880;635900;3,5
635900;635920;2,6
635920;635940;2,7
635940;635960;4,0
635960;635980;3,5
635980;636000;2,8
636000;636020;3,8
636020;636040;3,1
636040;636060;1,9
636060;636080;1,9
636080;636100;2,3
636100;636120;2,3
636120;636140;3,6
636140;636160;2,9
636160;636180;2,6
636180;636200;2,9
636200;636220;3,1
636220;636240;2,7
636240;636260;9,6
636260;636280;3,5
636280;636300;3,1
636300;636320;2,5
636320;636340;2,4
636340;636360;2,3
636360;636380;3,0
636380;636400;3,6
636400;636420;3,4
636420;636440;2,7
636440;636460;3,2
636460;636480;3,0
636480;636500;3,6
636500;636520;4,5
636520;636540;3,5
636540;636560;3,5
636560;636580;2,7
636580;636600;2,6
636600;636620;2,6
636620;636640;2,9
636640;636660;3,0
636660;636680;3,1
636680;636700;3,6
636700;636720;4,0
636720;636740;4,3
636740;636760;2,9
636760;636780;2,8
636780;636800;2,3
636800;636820;2,4
636820;636840;2,4
636840;636860;2,5
636860;636880;3,5
636880;636900;4,0
636900;636920;2,8
636920;636940;2,6
636940;636960;2,5
636960;636980;3,1
636980;637000;2,0
637000;637020;1,9
637020;637040;2,4
637040;637060;1,9
637060;637080;2,5
637080;637100;1,6
637100;637120;2,0
637120;637140;2,1
637140;637160;2,4
637160;637180;2,5
637180;637200;2,7
637200;637220;3,5
637220;637240;2,1
637240;637260;3,1
637260;637280;2,7
637280;637300;3,0
637300;637320;3,1
637320;637340;3,3
637340;637360;2,4
637360;637380;1,9
637380;637400;2,6
637400;637420;2,1
637420;637440;2,1
637440;637460;2,4
637460;637480;2,4
637480;637500;2,8
637500;637520;3,5
637520;637540;3,1
637540;637560;2,8
637560;637580;3,0
637580;637600;3,0
637600;637620;2,4
637620;637640;2,2
637640;637660;2,4
637660;637680;2,4
637680;637700;3,4
637700;637720;2,1
637720;637740;2,5
637740;637760;2,8
637760;637780;2,2
637780;637800;2,2
637800;637820;2,7
637820;637840;2,1
637840;637860;1,8
637860;637880;2,1
637880;637900;1,7
637900;637920;2,3
637920;637940;2,7
637940;637960;1,9
637960;637980;2,1
637980;638000;2,2
638000;638020;2,5
638020;638040;2,3
638040;638060;1,8
638060;638080;2,2
638080;638100;1,4
638100;638120;1,5
638120;638140;1,6
638140;638160;2,2
638160;638180;2,3
638180;638200;4,8
638200;638220;4,4
638220;638240;3,0
638240;638260;2,3
638260;638280;2,6
638280;638300;2,7
638300;638320;2,7
638320;638340;2,2
638340;638360;1,8
638360;638380;1,7
638380;638400;2,0
638400;638420;2,0
638420;638440;2,0
638440;638460;1,9
638460;638480;2,4
638480;638500;2,1
638500;638520;1,5
638520;638540;1,5
638540;638560;1,3
638560;638580;1,8
638580;638600;1,7
638600;638620;2,2
638620;638640;2,5
638640;638660;2,7
638660;638680;2,3
638680;638700;1,8
638700;638720;2,5
638720;638740;1,9
638740;638760;3,1
638760;638780;2,7
638780;638800;3,1
638800;638820;1,9
638820;638840;3,6
638840;638860;4,4
638860;638880;2,0
638880;638900;2,8
638900;638920;2,2
638920;638940;1,9
638940;638960;2,1
638960;638980;2,8
638980;639000;1,9
639000;639020;1,7
639020;639040;1,4
639040;639060;1,6
639060;639080;2,0
639080;639100;2,2
639100;639120;2,1
639120;639140;2,2
639140;639160;1,9
639160;639180;1,9
639180;639200;2,8
639200;639220;3,2
639220;639240;2,2
639240;639260;1,4
639260;639280;1,8
639280;639300;1,8
639300;639320;2,0
639320;639340;3,1
639340;639360;2,7
639360;639380;1,6
639380;639400;1,9
639400;639420;1,8
639420;639440;1,9
639440;639460;2,6
639460;639480;2,8
639480;639500;1,5
639500;639520;1,9
639520;639540;2,1
639540;639560;2,4
639560;639580;4,0
639580;639600;2,5
639600;639620;2,3
639620;639640;2,1
639640;639660;1,7
639660;639680;2,1
639680;639700;3,4
639700;639720;3,7
639720;639740;2,8
639740;639760;2,1
639760;639780;1,6
639780;639800;2,5
639800;639820;2,6
639820;639840;2,8
639840;639860;2,0
639860;639880;2,0
639880;639900;1,4
639900;639920;1,4
639920;639940;1,5
639940;639960;1,5
639960;639980;1,3
639980;640000;2,4
640000;640020;1,6
640020;640040;1,6
640040;640060;1,4
640060;640080;1,8
640080;640100;1,6
640100;640120;1,7
640120;640140;3,2
640140;640160;1,9
640160;640180;2,1
640180;640200;2,2
640200;640220;2,5
640220;640240;2,5
640240;640260;2,1
640260;640280;1,8
640280;640300;2,2
640300;640320;2,3
640320;640340;3,1
640340;640360;2,5
640360;640380;5,1
640380;640400;2,4
640400;640420;1,9
640420;640440;2,3
640440;640460;2,5
640460;640480;3,9
640480;640500;1,8
640500;640520;1,6
640520;640540;2,0
640540;640560;2,4
640560;640580;2,1
640580;640600;2,4
640600;640620;2,3
640620;640640;2,7
640640;640660;3,0
640660;640680;2,1
640680;640700;2,0
640700;640720;2,0
640720;640740;2,4
640740;640760;2,1
640760;640780;2,4
640780;640800;1,7
640800;640820;2,1
640820;640840;2,4
640840;640860;3,0
640860;640880;2,1
640880;640900;1,8
640900;640920;1,8
640920;640940;2,0
640940;640960;2,2
640960;640980;2,7
640980;641000;2,9
641000;641020;2,0
641020;641040;1,6
641040;641060;1,6
641060;641080;1,7
641080;641100;1,9
641100;641120;2,4
641120;641140;1,8
641140;641160;2,1
641160;641180;1,7
641180;641200;1,9
641200;641220;1,8
641220;641240;2,5
641240;641260;1,7
641260;641280;1,5
641280;641300;1,3
641300;641320;2,2
641320;641340;3,4
641340;641360;2,7
641360;641380;2,6
641380;641400;2,1
641400;641420;2,7
641420;641440;2,4
641440;641460;3,1
641460;641480;4,5
641480;641500;2,2
641500;641520;1,9
641520;641540;2,0
641540;641560;1,6
641560;641580;1,7
641580;641600;1,9
641600;641620;2,2
641620;641640;5,2
641640;641660;3,0
641660;641680;3,6
641680;641700;2,5
641700;641720;1,7
641720;641740;2,4
641740;641760;2,7
641760;641780;3,5
641780;641800;2,3
641800;641820;3,6
641820;641840;3,4
641840;641860;3,0
641860;641880;2,6
641880;641900;1,7
641900;641920;2,8
641920;641940;2,0
641940;641960;1,4
641960;641980;1,9
641980;642000;1,8
642000;642020;1,9
642020;642040;2,1
642040;642060;2,1
642060;642080;2,9
642080;642100;2,5
642100;642120;2,0
642120;642140;2,3
642140;642160;1,6
642160;642180;1,7
642180;642200;2,0
642200;642220;2,0
642220;642240;2,2
642240;642260;1,9
642260;642280;1,8
642280;642300;1,9
642300;642320;2,5
642320;642340;2,5
642340;642360;2,8
642360;642380;2,8
642380;642400;2,4
642400;642420;2,3
642420;642440;3,2
642440;642460;3,4
642460;642480;2,5
642480;642500;1,7
642500;642520;2,0
642520;642540;2,1
642540;642560;2,5
642560;642580;1,7
642580;642600;3,3
642600;642620;1,9
642620;642640;2,2
642640;642660;2,2
642660;642680;2,5
642680;642700;2,2
642700;642720;2,9
642720;642740;2,4
642740;642760;2,2
642760;642780;2,2
642780;642800;1,9
642800;642820;1,7
642820;642840;1,6
642840;642860;2,4
642860;642880;2,3
642880;642900;3,4
642900;642920;2,1
642920;642940;1,7
642940;642960;2,0
642960;642980;2,1
642980;643000;2,2
643000;643020;1,9
643020;643040;3,1
643040;643060;2,5
643060;643080;2,6
643080;643100;2,0
643100;643120;2,3
643120;643140;2,1
643140;643160;2,4
643160;643180;2,2
643180;643200;2,0
643200;643220;1,6
643220;643240;2,1
643240;643260;2,2
643260;643280;2,6
643280;643300;2,6
643300;643320;3,4
643320;643340;2,0
643340;643360;1,7
643360;643380;1,5
643380;643400;1,8
643400;643420;1,9
643420;643440;1,8
643440;643460;1,7
643460;643480;2,7
643480;643500;1,8
643500;643520;2,2
643520;643540;2,0
643540;643560;2,0
643560;643580;2,5
643580;643600;2,3
643600;643620;2,1
643620;643640;2,0
643640;643660;3,1
643660;643680;3,0
643680;643700;2,3
643700;643720;1,8
643720;643740;1,6
643740;643760;1,9
643760;643780;2,2
643780;643800;1,6
643800;643820;1,8
643820;643840;1,5
643840;643860;1,7
643860;643880;1,8
643880;643900;1,5
643900;643920;1,4
643920;643940;1,7
643940;643960;1,5
643960;643980;2,3
643980;644000;1,8
644000;644020;1,7
644020;644040;1,6
644040;644060;1,9
644060;644080;1,8
644080;644100;2,6
644100;644120;1,9
644120;644140;1,8
644140;644160;2,1
644160;644180;1,2
644180;644200;1,9
644200;644220;1,5
644220;644240;1,6
644240;644260;1,9
644260;644280;1,7
644280;644300;1,7
644300;644320;1,5
644320;644340;2,0
644340;644360;2,6
644360;644380;2,6
644380;644400;1,6
644400;644420;1,6
644420;644440;1,7
644440;644460;1,9
644460;644480;1,8
644480;644500;2,0
644500;644520;1,4
644520;644540;2,7
644540;644560;1,8
644560;644580;2,1
644580;644600;1,5
644600;644620;1,6
644620;644640;1,6
644640;644660;1,8
644660;644680;1,9
644680;644700;1,8
644700;644720;1,7
644720;644740;1,4
644740;644760;1,5
644760;644780;1,7
644780;644800;2,0
644800;644820;2,1
644820;644840;2,1
644840;644860;1,5
644860;644880;1,7
644880;644900;2,0
644900;644920;1,3
644920;644940;1,3
644940;644960;1,8
644960;644980;1,7
644980;645000;1,7
645000;645020;2,4
645020;645040;1,6
645040;645060;1,7
645060;645080;2,5
645080;645100;1,7
645100;645120;1,7
645120;645140;1,3
645140;645160;1,4
645160;645180;1,6
645180;645200;2,4
645200;645220;1,8
645220;645240;2,9
645240;645260;2,3
645260;645280;1,9
645280;645300;1,9
645300;645320;2,5
645320;645340;2,4
645340;645360;2,7
645360;645380;3,8
645380;645400;3,6
645400;645420;2,3
645420;645440;2,1
645440;645460;7,3
645460;645480;2,7
645480;645500;3,3
645500;645520;2,8
645520;645540;2,1
645540;645560;2,2
645560;645580;1,9
645580;645600;2,2
645600;645620;2,1
645620;645640;3,0
645640;645660;2,2
645660;645680;2,7
645680;645700;2,4
645700;645720;1,9
645720;645740;1,7
645740;645760;2,3
645760;645780;2,5
645780;645800;1,9
645800;645820;1,9
645820;645840;1,9
645840;645860;2,1
645860;645880;1,9
645880;645900;1,8
645900;645920;1,9
645920;645940;2,1
645940;645960;2,0
645960;645980;1,8
645980;646000;1,8
646000;646020;1,7
646020;646040;1,6
646040;646060;2,0
646060;646080;1,9
646080;646100;2,2
646100;646120;1,9
646120;646140;1,7
646140;646160;1,8
646160;646180;1,5
646180;646200;1,3
646200;646220;1,8
646220;646240;1,5
646240;646260;1,2
646260;646280;1,8
646280;646300;1,8
646300;646320;1,8
646320;646340;3,1
646340;646360;2,2
646360;646380;1,9
646380;646400;2,0
646400;646420;1,6
646420;646440;2,1
646440;646460;2,2
646460;646480;2,0
646480;646500;1,6
646500;646520;1,6
646520;646540;1,8
646540;646560;1,7
646560;646580;1,8
646580;646600;2,7
646600;646620;2,2
646620;646640;2,4
646640;646660;2,2
646660;646680;2,2
646680;646700;2,4
646700;646720;1,9
646720;646740;2,4
646740;646760;2,0
646760;646780;1,9
646780;646800;2,7
646800;646820;3,5
646820;646840;2,3
646840;646860;2,5
646860;646880;3,4
646880;646900;4,2
646900;646920;3,3
646920;646940;4,1
646940;646960;3,3
646960;646980;3,0
646980;647000;2,8